query,uri,label_or_descr,dating_label
descr_iscrizione,https://w3id.org/arco/resource/ArchaeologicalProperty/0100190062,"Abitato protostorico e probabile necropoli (insediamento, insediamento) - Alessandria (AL)  (Eta' del ferro I) :: Nel corso di una serie di ricognizioni effettuate tra il 1972 e il 1982 dalla Soprintendenza Archeologica del Piemonte, si è individuata un'ampia area (circa 60",Eta' del ferro I
descr_iscrizione,https://w3id.org/arco/resource/ArchaeologicalProperty/0100190062,"Abitato protostorico e probabile necropoli (insediamento, insediamento) - Alessandria (AL)  (Eta' del ferro I) :: Nel corso di una serie di ricognizioni effettuate tra il 1972 e il 1982 dalla Soprintendenza Archeologica del Piemonte, si è individuata un'ampia area (circa 60",Età del ferro I
descr_iscrizione,https://w3id.org/arco/resource/ArchaeologicalProperty/0800633668RA,"coppa, a vernice nera (Eta' antica) :: COPPA A VERNICE NERA LOCALE ROTELLATURE SUL FONDO INTERNO, ALL’ESTERNO, CON ISCRIZIONE BILINGUE GRECO E ETRUSCO: ΔΙΟΝΥΣΟΥ MI ŚT…VCH…Ś",Eta' antica
descr_iscrizione,https://w3id.org/arco/resource/ArchaeologicalProperty/0800633668RA,"coppa, a vernice nera (Eta' antica) :: COPPA A VERNICE NERA LOCALE ROTELLATURE SUL FONDO INTERNO, ALL’ESTERNO, CON ISCRIZIONE BILINGUE GRECO E ETRUSCO: ΔΙΟΝΥΣΟΥ MI ŚT…VCH…Ś",Età antica
descr_iscrizione,https://w3id.org/arco/resource/ArchaeologicalProperty/0800633668RA,"coppa, a vernice nera (Eta' antica) :: COPPA A VERNICE NERA LOCALE ROTELLATURE SUL FONDO INTERNO, ALL’ESTERNO, CON ISCRIZIONE BILINGUE GRECO E ETRUSCO: ΔΙΟΝΥΣΟΥ MI ŚT…VCH…Ś",età antica
descr_iscrizione,https://w3id.org/arco/resource/ArchaeologicalProperty/0800633668RA,"coppa, a vernice nera (Eta' antica) :: COPPA A VERNICE NERA LOCALE ROTELLATURE SUL FONDO INTERNO, ALL’ESTERNO, CON ISCRIZIONE BILINGUE GRECO E ETRUSCO: ΔΙΟΝΥΣΟΥ MI ŚT…VCH…Ś",età antica (?)
descr_iscrizione,https://w3id.org/arco/resource/ArchaeologicalProperty/0900415837,"patera/ orlo (secc. II/ I a.C) :: Orlo quasi verticale, indistinto, con bordo assottigliato e arrotondato; bassa vasca con parete a profilo appena convesso. Argilla beige. Vernice nera, coprente",SECC. II / I A.C
descr_iscrizione,https://w3id.org/arco/resource/ArchaeologicalProperty/0900415837,"patera/ orlo (secc. II/ I a.C) :: Orlo quasi verticale, indistinto, con bordo assottigliato e arrotondato; bassa vasca con parete a profilo appena convesso. Argilla beige. Vernice nera, coprente",SECC. II/ I A.C
descr_iscrizione,https://w3id.org/arco/resource/ArchaeologicalProperty/0900415837,"patera/ orlo (secc. II/ I a.C) :: Orlo quasi verticale, indistinto, con bordo assottigliato e arrotondato; bassa vasca con parete a profilo appena convesso. Argilla beige. Vernice nera, coprente",SECC. II/I A.C
descr_iscrizione,https://w3id.org/arco/resource/ArchaeologicalProperty/0900415837,"patera/ orlo (secc. II/ I a.C) :: Orlo quasi verticale, indistinto, con bordo assottigliato e arrotondato; bassa vasca con parete a profilo appena convesso. Argilla beige. Vernice nera, coprente",Secc. II - I a.C
descr_iscrizione,https://w3id.org/arco/resource/ArchaeologicalProperty/0900415837,"patera/ orlo (secc. II/ I a.C) :: Orlo quasi verticale, indistinto, con bordo assottigliato e arrotondato; bassa vasca con parete a profilo appena convesso. Argilla beige. Vernice nera, coprente",Secc. II/ I a.C
descr_iscrizione,https://w3id.org/arco/resource/ArchaeologicalProperty/0900415837,"patera/ orlo (secc. II/ I a.C) :: Orlo quasi verticale, indistinto, con bordo assottigliato e arrotondato; bassa vasca con parete a profilo appena convesso. Argilla beige. Vernice nera, coprente",Secc. II/I a.C
descr_iscrizione,https://w3id.org/arco/resource/ArchaeologicalProperty/0900415837,"patera/ orlo (secc. II/ I a.C) :: Orlo quasi verticale, indistinto, con bordo assottigliato e arrotondato; bassa vasca con parete a profilo appena convesso. Argilla beige. Vernice nera, coprente",secc. II - I a.C
descr_iscrizione,https://w3id.org/arco/resource/ArchaeologicalProperty/0900415837,"patera/ orlo (secc. II/ I a.C) :: Orlo quasi verticale, indistinto, con bordo assottigliato e arrotondato; bassa vasca con parete a profilo appena convesso. Argilla beige. Vernice nera, coprente",secc. II / I a.C
descr_iscrizione,https://w3id.org/arco/resource/ArchaeologicalProperty/0900415837,"patera/ orlo (secc. II/ I a.C) :: Orlo quasi verticale, indistinto, con bordo assottigliato e arrotondato; bassa vasca con parete a profilo appena convesso. Argilla beige. Vernice nera, coprente",secc. II-I a.C
descr_iscrizione,https://w3id.org/arco/resource/ArchaeologicalProperty/0900415837,"patera/ orlo (secc. II/ I a.C) :: Orlo quasi verticale, indistinto, con bordo assottigliato e arrotondato; bassa vasca con parete a profilo appena convesso. Argilla beige. Vernice nera, coprente",secc. II/ I a.C
descr_iscrizione,https://w3id.org/arco/resource/ArchaeologicalProperty/0900415837,"patera/ orlo (secc. II/ I a.C) :: Orlo quasi verticale, indistinto, con bordo assottigliato e arrotondato; bassa vasca con parete a profilo appena convesso. Argilla beige. Vernice nera, coprente",secc. II/I a.C
descr_iscrizione,https://w3id.org/arco/resource/ArchaeologicalProperty/1000176497,"askos, in ceramica comune a vernice rossa (III a.C) :: Askos in ceramica comune a vernice rosso-arancione brillante. Di ottima fattura. Forma allungata; collo di riempimento e tubo di versamento distinti; piccolo pi",III a.C
descr_iscrizione,https://w3id.org/arco/resource/ArchaeologicalProperty/1000176497,"askos, in ceramica comune a vernice rossa (III a.C) :: Askos in ceramica comune a vernice rosso-arancione brillante. Di ottima fattura. Forma allungata; collo di riempimento e tubo di versamento distinti; piccolo pi",III a.C. (?)
descr_iscrizione,https://w3id.org/arco/resource/ArchaeologicalProperty/1000196219,"urna/ cineraria, cassa con iscrizione, catino ovale, liscio (II a.C) :: Cassa di urna fittile a catino ovale con iscrizione etrusca, liscia",II a.C
descr_iscrizione,https://w3id.org/arco/resource/ArchaeologicalProperty/1000196219,"urna/ cineraria, cassa con iscrizione, catino ovale, liscio (II a.C) :: Cassa di urna fittile a catino ovale con iscrizione etrusca, liscia",II a.C.
descr_iscrizione,https://w3id.org/arco/resource/ArchaeologicalProperty/1000196219,"urna/ cineraria, cassa con iscrizione, catino ovale, liscio (II a.C) :: Cassa di urna fittile a catino ovale con iscrizione etrusca, liscia",II a.C. (?)
descr_iscrizione,https://w3id.org/arco/resource/ArchaeologicalProperty/1000196319,"nudo fra due grifi (urna/ cineraria, cassa, cubica, decorata) (metà/ fine III a.C) :: Cassa di urna in travertino rivestita di stucco, dipinta, a forma di cassa lignea, poggiante su quattro peducci. Sulla fronte dell’urna sono applicate due pater",III a.C metà/ fine
descr_iscrizione,https://w3id.org/arco/resource/ArchaeologicalProperty/1000219823,"liscia, con iscrizione (urna/ cineraria, cassa) (fine/ fine SECOLI/ ARCHI DI SECOLI/ III-II a.C) :: Cassa di urna cineraria liscia in travertino, con iscrizione etrusca incisa",SECOLI/ ARCHI DI SECOLI/ III-II a.C fine/ fine
descr_iscrizione,https://w3id.org/arco/resource/ArchaeologicalProperty/1000219829,"Liscia con iscrizione etrusca (urna/ cineraria, cassa) (SECOLI/ III a.C) :: Cassa di urna liscia in travertino, con iscrizione etrusca incisa",SECOLI/ III a.C
descr_iscrizione,https://w3id.org/arco/resource/ArchaeologicalProperty/1000219834,"liscia con iscrizione etrusca (urna/ cineraria, cassa) (SECOLI/ III a.C) :: Cassa di urna cineraria con iscrizione etrusca incisa",SECOLI/ III a.C
descr_iscrizione,https://w3id.org/arco/resource/ArchaeologicalProperty/1000219839,"Coperchio di urna cineraria in travertino con iscrizione etrusca incisa (urna/ cineraria, coperchio) (SECOLI/ II a.C) :: Coperchio di urna cineraria in travertino con iscrizione etrusca incisa",SECOLI/ II a.C
descr_iscrizione,https://w3id.org/arco/resource/ArchaeologicalProperty/1000219841,"displuviato con iscrizione etrusca (urna/ cineraria, coperchio) (SECOLI/ II a.C) :: Coperchio di urna cineraria in travertino con iscrizione etrusca incisa",SECOLI/ II a.C
descr_iscrizione,https://w3id.org/arco/resource/ArchaeologicalProperty/1000219842,"liscia con iscrizione etrusca (urna/ cineraria, cassa) (fine/ fine SECOLI/ ARCHI DI SECOLI/ III-II a.C) :: Cassa di urna cineraria liscia con iscrizione etrusca incisa",SECOLI/ ARCHI DI SECOLI/ III-II a.C fine/ fine
descr_iscrizione,https://w3id.org/arco/resource/ArchaeologicalProperty/1000219843,"urna/ cineraria, coperchio (SECOLI/ II a.C) :: Coperchio di urna cineraria in travertino con iscrizione etrusca incisa",SECOLI/ II a.C
descr_iscrizione,https://w3id.org/arco/resource/ArchaeologicalProperty/1000219847,"displuviato, decorato, con iscrizione (urna/ cineraria, coperchio) (SECOLI/ II a.C) :: Coperchio di urna cineraria in travertino con iscrizione etrusca incisa",SECOLI/ II a.C
descr_iscrizione,https://w3id.org/arco/resource/ArchaeologicalProperty/1000219850,"liscio displuviato, con iscrizione etrusca, su cassa non pertinente (urna/ cineraria, coperchio) (SECOLI/ II a.C) :: Coperchio di urna cineraria in travertino con iscrizione etrusca incisa",SECOLI/ II a.C
descr_iscrizione,https://w3id.org/arco/resource/ArchaeologicalProperty/1000219851,"liscia con iscrizione etrusca e coperchio pertinente (urna/ cineraria, cassa) (fine/ fine SECOLI/ ARCHI DI SECOLI/ III-II a.C) :: Cassa di urna cineraria liscia con iscrizione etrusca",SECOLI/ ARCHI DI SECOLI/ III-II a.C fine/ fine
descr_iscrizione,https://w3id.org/arco/resource/ArchaeologicalProperty/1000219855,"liscia con iscrizione etrusca incisa (urna/ cineraria, cassa) (SECOLI/ III a.C) :: Cassa di urna cineraria con iscrizione etrusca",SECOLI/ III a.C
descr_iscrizione,https://w3id.org/arco/resource/ArchaeologicalProperty/1000219863,"liscia con iscrizione etrusca (urna/ cineraria, cassa) (fine/ fine SECOLI/ ARCHI DI SECOLI/ III-II a.C) :: Cassa di urna cineraria liscia in travertino con iscrizione etrusca incisa",SECOLI/ ARCHI DI SECOLI/ III-II a.C fine/ fine
descr_iscrizione,https://w3id.org/arco/resource/ArchaeologicalProperty/1000219865,"liscia con iscrizione etrusca (urna/ cineraria, cassa) (SECOLI/ II a.C) :: Cassa di urna cineraria liscia in travertino con iscrizione etrusca incisa",SECOLI/ II a.C
descr_iscrizione,https://w3id.org/arco/resource/ArchaeologicalProperty/1000219867,"rosone tra pelte (urna/ cineraria, cassa) (SECOLI/ II a.C) :: Cassa frammentaria di urna cineraria in travertino con iscrizione etrusca incisa e due frammenti del bordo laterale del coperchio",SECOLI/ II a.C
descr_iscrizione,https://w3id.org/arco/resource/ArchaeologicalProperty/1000219868,"displuviato con iscrizione etrusca incisa su due righe (urna/ cineraria, coperchio) (SECOLI/ II a.C) :: Coperchio liscio di urna cineraria in travertino con iscrizione etrusca incisa",SECOLI/ II a.C
descr_iscrizione,https://w3id.org/arco/resource/ArchaeologicalProperty/1100375132,"luogo con ritrovamento sporadico, epigrafe - Carpegna (PU)  (PERIODIZZAZIONI/ STORIA/ Età antica/ Età romana/ Età romana repubblicana) :: Durante i lavori per la ristrutturazione della chiesetta dedicata alla Madonna del Buon Consiglio, in frazione Le Genghe, è stata scoperta un’iscrizione etrusco",PERIODIZZAZIONI/ STORIA/ Eta' antica/ Eta' romana/ Eta' romana repubblicana
descr_iscrizione,https://w3id.org/arco/resource/ArchaeologicalProperty/1100375132,"luogo con ritrovamento sporadico, epigrafe - Carpegna (PU)  (PERIODIZZAZIONI/ STORIA/ Età antica/ Età romana/ Età romana repubblicana) :: Durante i lavori per la ristrutturazione della chiesetta dedicata alla Madonna del Buon Consiglio, in frazione Le Genghe, è stata scoperta un’iscrizione etrusco",PERIODIZZAZIONI/ STORIA/ Età antica/ Età romana/ Età romana repubblicana
descr_iscrizione,https://w3id.org/arco/resource/ArchaeologicalProperty/1100375132,"luogo con ritrovamento sporadico, epigrafe - Carpegna (PU)  (PERIODIZZAZIONI/ STORIA/ Età antica/ Età romana/ Età romana repubblicana) :: Durante i lavori per la ristrutturazione della chiesetta dedicata alla Madonna del Buon Consiglio, in frazione Le Genghe, è stata scoperta un’iscrizione etrusco",PERIODIZZAZIONI/ Storia/ Eta' antica/ Eta' romana/ Eta' romana repubblicana
descr_iscrizione,https://w3id.org/arco/resource/ArchaeologicalProperty/1200134321,"altare/ funerario, Altare funerario di Cecilius Gorgonius (fine SECOLI/ II) :: L'altare, a corpo parallelepipedo, modanato sia in basso (zoccolo, toro, gola rovescia) che superiormente (due gole dritte separate da un listello liscio), è de",SECOLI/ II fine
descr_iscrizione,https://w3id.org/arco/resource/ArchaeologicalProperty/1200134321,"altare/ funerario, Altare funerario di Cecilius Gorgonius (fine SECOLI/ II) :: L'altare, a corpo parallelepipedo, modanato sia in basso (zoccolo, toro, gola rovescia) che superiormente (due gole dritte separate da un listello liscio), è de",SECOLI/ II/ fine
descr_iscrizione,https://w3id.org/arco/resource/ArchaeologicalProperty/1200789833,anfora da trasporto (seconda metà/ fine IV sec. a.C) :: Labbro svasato esternamente ingrossato ad echino a sezione di un quarto del cerchio e sottolineato alla base da un listello in rilievo; collo alto cilindrico di,IV sec. a.C seconda metà/ fine
descr_iscrizione,https://w3id.org/arco/resource/ArchaeologicalProperty/1200790204,"kylix (terzo quarto VI sec. a.C) :: lip-cup interamente verniciata tranne il labbro, la parte superiore della vasca ed una sottile fascia presso il piede; un filetto nero sottolinea l''attacco del",VI sec. a.C terzo quarto
descr_iscrizione,https://w3id.org/arco/resource/ArchaeologicalProperty/1200836462,"kylix (secondo quarto V sec. a.C) :: Basso piede ad anello; esterno della vasca interamente verniciato; all''interno, fig. giovanile stante con clamide annodata intorno al collo, lembo nella destra",V sec. a.C secondo quarto
descr_iscrizione,https://w3id.org/arco/resource/ArchaeologicalProperty/1200836634,"oinochoe trilobata a rotelle (ultimo quarto/ primo quar VII sec. a.C./ VI sec. a.C) :: Piede ad echino, corpo fortemente espanso, collo troncoconico ben distinto dalla spalla e dalla bocca, ampio labbro trilobato, ansa tricostolata sopraelevata, c",VII sec. a.C./ VI sec. a.C ultimo quarto/ primo quar
descr_iscrizione,https://w3id.org/arco/resource/ArchaeologicalProperty/1200951682,"kylix (inizio V sec. a.C) :: kylixa attica a figure rosse, restituita nel 1998 dal Getty Museum di Malibu. Firmato da Euphronios e dipinto dal suo allievo Onesimos negli anni 500-490 a.C., ",V sec. a.C inizio
descr_iscrizione,https://w3id.org/arco/resource/ArchaeologicalProperty/1200951712,"lamina votiva (fine VI sec. a.C) :: lamina in oro con lunga iscrizione in etrusco. Le lamine di Pyrgi, tra le iscrizioni, sono la più antica fonte storica dell''Italia preromana. Due delle lamine ",VI sec. a.C fine
descr_iscrizione,https://w3id.org/arco/resource/ArchaeologicalProperty/1200951713,"lamina votiva (fine VI sec. a.C) :: lamina in oro con lunga iscrizione in fenicio. Le lamine di Pyrgi, tra le iscrizioni, sono la più antica fonte storica dell''Italia preromana. Due delle lamine ",VI sec. a.C fine
descr_iscrizione,https://w3id.org/arco/resource/ArchaeologicalProperty/1200951714,"lamina votiva (fine VI sec. a.C) :: lamina in oro con iscrizione in etrusco. Le lamine di Pyrgi, tra le iscrizioni, sono la più antica fonte storica dell''Italia preromana. Due delle lamine sono i",VI sec. a.C fine
descr_iscrizione,https://w3id.org/arco/resource/ArchaeologicalProperty/1200951734,piattello (fine VI sec. a.C) :: fondo di piatto del tipo Spurinas con iscrizione di dedica alla divinità Uni in etrusco: UNIAL,VI sec. a.C fine
descr_iscrizione,https://w3id.org/arco/resource/ArchaeologicalProperty/1200951735,piattello (fine VI sec. a.C) :: fondo di piatto del tipo Spurinas con iscrizione di dedica alla divinità Uni in etrusco: UNIAL,VI sec. a.C fine
descr_iscrizione,https://w3id.org/arco/resource/ArchaeologicalProperty/1201001599,"peso da telaio (Seconda metà III secolo a) :: strumenti ed utensili vari, utensili da cucitura e tessitura, peso da telaio . peso da telaio di forma parallelepipeda con foro pervio orizzontale sulla parte s",Seconda metà III secolo a
descr_iscrizione,https://w3id.org/arco/resource/ArchaeologicalProperty/1300014856,"thymiaterion (fine III a.C) :: Candelabro in bronzo con triskele umana con calcei su alte basette rettangolari. Nei cunei protomi satiresche con capigliatura a ciocche mosse, lineamenti marca",III a.C Fine
descr_iscrizione,https://w3id.org/arco/resource/ArchaeologicalProperty/1300014856,"thymiaterion (fine III a.C) :: Candelabro in bronzo con triskele umana con calcei su alte basette rettangolari. Nei cunei protomi satiresche con capigliatura a ciocche mosse, lineamenti marca",III a.C fine
descr_iscrizione,https://w3id.org/arco/resource/HistoricOrArtisticProperty/1500817271,"figura di soldato con allegoria della Vittoria, allegoria della Vittoria come donna vestita all'antica (monumento ai caduti) by Guerrisi Michele, Fonderia Laganà (sec. XX) :: Un lessico classico e nervosa caratterizza la figura idealizzata del martire che innalza con forza il simulacro della Vittoria avvinghiandosi alla figura ierati",SEC. XX
descr_iscrizione,https://w3id.org/arco/resource/HistoricOrArtisticProperty/1500817271,"figura di soldato con allegoria della Vittoria, allegoria della Vittoria come donna vestita all'antica (monumento ai caduti) by Guerrisi Michele, Fonderia Laganà (sec. XX) :: Un lessico classico e nervosa caratterizza la figura idealizzata del martire che innalza con forza il simulacro della Vittoria avvinghiandosi alla figura ierati",Sec . XX
descr_iscrizione,https://w3id.org/arco/resource/HistoricOrArtisticProperty/1500817271,"figura di soldato con allegoria della Vittoria, allegoria della Vittoria come donna vestita all'antica (monumento ai caduti) by Guerrisi Michele, Fonderia Laganà (sec. XX) :: Un lessico classico e nervosa caratterizza la figura idealizzata del martire che innalza con forza il simulacro della Vittoria avvinghiandosi alla figura ierati","Sec, XX"
descr_iscrizione,https://w3id.org/arco/resource/HistoricOrArtisticProperty/1500817271,"figura di soldato con allegoria della Vittoria, allegoria della Vittoria come donna vestita all'antica (monumento ai caduti) by Guerrisi Michele, Fonderia Laganà (sec. XX) :: Un lessico classico e nervosa caratterizza la figura idealizzata del martire che innalza con forza il simulacro della Vittoria avvinghiandosi alla figura ierati",Sec. XX
descr_iscrizione,https://w3id.org/arco/resource/HistoricOrArtisticProperty/1500817271,"figura di soldato con allegoria della Vittoria, allegoria della Vittoria come donna vestita all'antica (monumento ai caduti) by Guerrisi Michele, Fonderia Laganà (sec. XX) :: Un lessico classico e nervosa caratterizza la figura idealizzata del martire che innalza con forza il simulacro della Vittoria avvinghiandosi alla figura ierati",Sec. XX ?
descr_iscrizione,https://w3id.org/arco/resource/HistoricOrArtisticProperty/1500817271,"figura di soldato con allegoria della Vittoria, allegoria della Vittoria come donna vestita all'antica (monumento ai caduti) by Guerrisi Michele, Fonderia Laganà (sec. XX) :: Un lessico classico e nervosa caratterizza la figura idealizzata del martire che innalza con forza il simulacro della Vittoria avvinghiandosi alla figura ierati",Sec. XX?
descr_iscrizione,https://w3id.org/arco/resource/HistoricOrArtisticProperty/1500817271,"figura di soldato con allegoria della Vittoria, allegoria della Vittoria come donna vestita all'antica (monumento ai caduti) by Guerrisi Michele, Fonderia Laganà (sec. XX) :: Un lessico classico e nervosa caratterizza la figura idealizzata del martire che innalza con forza il simulacro della Vittoria avvinghiandosi alla figura ierati",sec . XX
descr_iscrizione,https://w3id.org/arco/resource/HistoricOrArtisticProperty/1500817271,"figura di soldato con allegoria della Vittoria, allegoria della Vittoria come donna vestita all'antica (monumento ai caduti) by Guerrisi Michele, Fonderia Laganà (sec. XX) :: Un lessico classico e nervosa caratterizza la figura idealizzata del martire che innalza con forza il simulacro della Vittoria avvinghiandosi alla figura ierati",sec XX
descr_iscrizione,https://w3id.org/arco/resource/HistoricOrArtisticProperty/1500817271,"figura di soldato con allegoria della Vittoria, allegoria della Vittoria come donna vestita all'antica (monumento ai caduti) by Guerrisi Michele, Fonderia Laganà (sec. XX) :: Un lessico classico e nervosa caratterizza la figura idealizzata del martire che innalza con forza il simulacro della Vittoria avvinghiandosi alla figura ierati","sec, XX"
descr_iscrizione,https://w3id.org/arco/resource/HistoricOrArtisticProperty/1500817271,"figura di soldato con allegoria della Vittoria, allegoria della Vittoria come donna vestita all'antica (monumento ai caduti) by Guerrisi Michele, Fonderia Laganà (sec. XX) :: Un lessico classico e nervosa caratterizza la figura idealizzata del martire che innalza con forza il simulacro della Vittoria avvinghiandosi alla figura ierati",sec- XX
descr_iscrizione,https://w3id.org/arco/resource/HistoricOrArtisticProperty/1500817271,"figura di soldato con allegoria della Vittoria, allegoria della Vittoria come donna vestita all'antica (monumento ai caduti) by Guerrisi Michele, Fonderia Laganà (sec. XX) :: Un lessico classico e nervosa caratterizza la figura idealizzata del martire che innalza con forza il simulacro della Vittoria avvinghiandosi alla figura ierati",sec. XX
descr_iscrizione,https://w3id.org/arco/resource/HistoricOrArtisticProperty/1500817271,"figura di soldato con allegoria della Vittoria, allegoria della Vittoria come donna vestita all'antica (monumento ai caduti) by Guerrisi Michele, Fonderia Laganà (sec. XX) :: Un lessico classico e nervosa caratterizza la figura idealizzata del martire che innalza con forza il simulacro della Vittoria avvinghiandosi alla figura ierati",sec. XX (?)
descr_iscrizione,https://w3id.org/arco/resource/HistoricOrArtisticProperty/1500817271,"figura di soldato con allegoria della Vittoria, allegoria della Vittoria come donna vestita all'antica (monumento ai caduti) by Guerrisi Michele, Fonderia Laganà (sec. XX) :: Un lessico classico e nervosa caratterizza la figura idealizzata del martire che innalza con forza il simulacro della Vittoria avvinghiandosi alla figura ierati",sec. XX ?
descr_iscrizione,https://w3id.org/arco/resource/HistoricOrArtisticProperty/1500817271,"figura di soldato con allegoria della Vittoria, allegoria della Vittoria come donna vestita all'antica (monumento ai caduti) by Guerrisi Michele, Fonderia Laganà (sec. XX) :: Un lessico classico e nervosa caratterizza la figura idealizzata del martire che innalza con forza il simulacro della Vittoria avvinghiandosi alla figura ierati",sec. xx
descr_iscrizione,https://w3id.org/arco/resource/HistoricOrArtisticProperty/1500817271,"figura di soldato con allegoria della Vittoria, allegoria della Vittoria come donna vestita all'antica (monumento ai caduti) by Guerrisi Michele, Fonderia Laganà (sec. XX) :: Un lessico classico e nervosa caratterizza la figura idealizzata del martire che innalza con forza il simulacro della Vittoria avvinghiandosi alla figura ierati",sec.. XX
descr_iscrizione,https://w3id.org/arco/resource/HistoricOrArtisticProperty/1500817271,"figura di soldato con allegoria della Vittoria, allegoria della Vittoria come donna vestita all'antica (monumento ai caduti) di Guerrisi Michele, Fonderia Laganà (sec. XX) :: Un lessico classico e nervosa caratterizza la figura idealizzata del martire che innalza con forza il simulacro della Vittoria avvinghiandosi alla figura ierati",SEC. XX
descr_iscrizione,https://w3id.org/arco/resource/HistoricOrArtisticProperty/1500817271,"figura di soldato con allegoria della Vittoria, allegoria della Vittoria come donna vestita all'antica (monumento ai caduti) di Guerrisi Michele, Fonderia Laganà (sec. XX) :: Un lessico classico e nervosa caratterizza la figura idealizzata del martire che innalza con forza il simulacro della Vittoria avvinghiandosi alla figura ierati",Sec . XX
descr_iscrizione,https://w3id.org/arco/resource/HistoricOrArtisticProperty/1500817271,"figura di soldato con allegoria della Vittoria, allegoria della Vittoria come donna vestita all'antica (monumento ai caduti) di Guerrisi Michele, Fonderia Laganà (sec. XX) :: Un lessico classico e nervosa caratterizza la figura idealizzata del martire che innalza con forza il simulacro della Vittoria avvinghiandosi alla figura ierati","Sec, XX"
descr_iscrizione,https://w3id.org/arco/resource/HistoricOrArtisticProperty/1500817271,"figura di soldato con allegoria della Vittoria, allegoria della Vittoria come donna vestita all'antica (monumento ai caduti) di Guerrisi Michele, Fonderia Laganà (sec. XX) :: Un lessico classico e nervosa caratterizza la figura idealizzata del martire che innalza con forza il simulacro della Vittoria avvinghiandosi alla figura ierati",Sec. XX
descr_iscrizione,https://w3id.org/arco/resource/HistoricOrArtisticProperty/1500817271,"figura di soldato con allegoria della Vittoria, allegoria della Vittoria come donna vestita all'antica (monumento ai caduti) di Guerrisi Michele, Fonderia Laganà (sec. XX) :: Un lessico classico e nervosa caratterizza la figura idealizzata del martire che innalza con forza il simulacro della Vittoria avvinghiandosi alla figura ierati",Sec. XX ?
descr_iscrizione,https://w3id.org/arco/resource/HistoricOrArtisticProperty/1500817271,"figura di soldato con allegoria della Vittoria, allegoria della Vittoria come donna vestita all'antica (monumento ai caduti) di Guerrisi Michele, Fonderia Laganà (sec. XX) :: Un lessico classico e nervosa caratterizza la figura idealizzata del martire che innalza con forza il simulacro della Vittoria avvinghiandosi alla figura ierati",Sec. XX?
descr_iscrizione,https://w3id.org/arco/resource/HistoricOrArtisticProperty/1500817271,"figura di soldato con allegoria della Vittoria, allegoria della Vittoria come donna vestita all'antica (monumento ai caduti) di Guerrisi Michele, Fonderia Laganà (sec. XX) :: Un lessico classico e nervosa caratterizza la figura idealizzata del martire che innalza con forza il simulacro della Vittoria avvinghiandosi alla figura ierati",sec . XX
descr_iscrizione,https://w3id.org/arco/resource/HistoricOrArtisticProperty/1500817271,"figura di soldato con allegoria della Vittoria, allegoria della Vittoria come donna vestita all'antica (monumento ai caduti) di Guerrisi Michele, Fonderia Laganà (sec. XX) :: Un lessico classico e nervosa caratterizza la figura idealizzata del martire che innalza con forza il simulacro della Vittoria avvinghiandosi alla figura ierati",sec XX
descr_iscrizione,https://w3id.org/arco/resource/HistoricOrArtisticProperty/1500817271,"figura di soldato con allegoria della Vittoria, allegoria della Vittoria come donna vestita all'antica (monumento ai caduti) di Guerrisi Michele, Fonderia Laganà (sec. XX) :: Un lessico classico e nervosa caratterizza la figura idealizzata del martire che innalza con forza il simulacro della Vittoria avvinghiandosi alla figura ierati","sec, XX"
descr_iscrizione,https://w3id.org/arco/resource/HistoricOrArtisticProperty/1500817271,"figura di soldato con allegoria della Vittoria, allegoria della Vittoria come donna vestita all'antica (monumento ai caduti) di Guerrisi Michele, Fonderia Laganà (sec. XX) :: Un lessico classico e nervosa caratterizza la figura idealizzata del martire che innalza con forza il simulacro della Vittoria avvinghiandosi alla figura ierati",sec- XX
descr_iscrizione,https://w3id.org/arco/resource/HistoricOrArtisticProperty/1500817271,"figura di soldato con allegoria della Vittoria, allegoria della Vittoria come donna vestita all'antica (monumento ai caduti) di Guerrisi Michele, Fonderia Laganà (sec. XX) :: Un lessico classico e nervosa caratterizza la figura idealizzata del martire che innalza con forza il simulacro della Vittoria avvinghiandosi alla figura ierati",sec. XX
descr_iscrizione,https://w3id.org/arco/resource/HistoricOrArtisticProperty/1500817271,"figura di soldato con allegoria della Vittoria, allegoria della Vittoria come donna vestita all'antica (monumento ai caduti) di Guerrisi Michele, Fonderia Laganà (sec. XX) :: Un lessico classico e nervosa caratterizza la figura idealizzata del martire che innalza con forza il simulacro della Vittoria avvinghiandosi alla figura ierati",sec. XX (?)
descr_iscrizione,https://w3id.org/arco/resource/HistoricOrArtisticProperty/1500817271,"figura di soldato con allegoria della Vittoria, allegoria della Vittoria come donna vestita all'antica (monumento ai caduti) di Guerrisi Michele, Fonderia Laganà (sec. XX) :: Un lessico classico e nervosa caratterizza la figura idealizzata del martire che innalza con forza il simulacro della Vittoria avvinghiandosi alla figura ierati",sec. XX ?
descr_iscrizione,https://w3id.org/arco/resource/HistoricOrArtisticProperty/1500817271,"figura di soldato con allegoria della Vittoria, allegoria della Vittoria come donna vestita all'antica (monumento ai caduti) di Guerrisi Michele, Fonderia Laganà (sec. XX) :: Un lessico classico e nervosa caratterizza la figura idealizzata del martire che innalza con forza il simulacro della Vittoria avvinghiandosi alla figura ierati",sec. xx
descr_iscrizione,https://w3id.org/arco/resource/HistoricOrArtisticProperty/1500817271,"figura di soldato con allegoria della Vittoria, allegoria della Vittoria come donna vestita all'antica (monumento ai caduti) di Guerrisi Michele, Fonderia Laganà (sec. XX) :: Un lessico classico e nervosa caratterizza la figura idealizzata del martire che innalza con forza il simulacro della Vittoria avvinghiandosi alla figura ierati",sec.. XX
descr_iscrizione,https://w3id.org/arco/resource/Veneto/ArchaeologicalProperty/CRV-RA_0001030,"eroe che combatte contro tre guerrieri (urna, urna cineraria a cassetta apoda) - ambito culturale etrusco, produzione di Chiusi (fine/inizio secc. II - I a.C.) :: Urna cineraria a cassetta, apoda, realizzata in terracotta a stampo. Sulla cassa si trovano tracce di ingubbiatura. E' inoltre presente un'iscrizione in lingua ",secc. II - I a.C. fine/inizio
descr_iscrizione,https://w3id.org/arco/resource/Veneto/ArchaeologicalProperty/CRV-RA_0001030,"eroe che combatte contro tre guerrieri (urna, urna cineraria a cassetta apoda) - ambito culturale etrusco, produzione di Chiusi (fine/inizio secc. II - I a.C.) :: Urna cineraria a cassetta, apoda, realizzata in terracotta a stampo. Sulla cassa si trovano tracce di ingubbiatura. E' inoltre presente un'iscrizione in lingua ",secc. II-I a.C. fine/inizio
descr_iscrizione,https://w3id.org/arco/resource/Veneto/ArchaeologicalProperty/CRV-RA_0001032,"eroe che combatte con tre guerrieri (urna, urna cineraria a cassetta apoda con coperchio) - ambito culturale etrusco, produzione di Chiusi (fine/inizio secc. II - I a.C.) :: Urna cinenaria a cassetta, apoda, con coperchio, rastremata di circa 1 cm verso il basso, con un rilievo sulla fronte, circondato da una cornice a listello. Sul",secc. II - I a.C. fine/inizio
descr_iscrizione,https://w3id.org/arco/resource/Veneto/ArchaeologicalProperty/CRV-RA_0001032,"eroe che combatte con tre guerrieri (urna, urna cineraria a cassetta apoda con coperchio) - ambito culturale etrusco, produzione di Chiusi (fine/inizio secc. II - I a.C.) :: Urna cinenaria a cassetta, apoda, con coperchio, rastremata di circa 1 cm verso il basso, con un rilievo sulla fronte, circondato da una cornice a listello. Sul",secc. II-I a.C. fine/inizio
descr_iscrizione,https://w3id.org/arco/resource/Veneto/ArchaeologicalProperty/CRV-RA_0001034,"duello fra Eteocle e Polinice (urna, urna cineraria a cassetta apoda con coperchio) - ambito culturale etrusco, produzione di Perugia (seconda metà sec. II a.C.) :: Urna cineraria a cassetta, apoda, con coperchio, sopra il quale si trova una figura maschile. L'uomo è raffigurato sdraiato, vestito con una tunica senza manich",sec. II a.C. seconda metà
descr_iscrizione,https://w3id.org/arco/resource/Veneto/ArchaeologicalProperty/CRV-RA_0001034,"duello fra Eteocle e Polinice (urna, urna cineraria a cassetta apoda con coperchio) - ambito culturale etrusco, produzione di Perugia (seconda metà sec. II a.C.) :: Urna cineraria a cassetta, apoda, con coperchio, sopra il quale si trova una figura maschile. L'uomo è raffigurato sdraiato, vestito con una tunica senza manich",sec. II a.C./seconda metà
descr_iscrizione,https://w3id.org/arco/resource/Veneto/ArchaeologicalProperty/CRV-RA_0001044,"congedo di due personaggi (urna, urna cineraria a cassetta apoda con coperchio) - ambito culturale etrusco, produzione di Chiusi (seconda metà sec. II a.C.) :: Urna cineraria a cassetta, realizzata a stampo, apoda, con coperchio sopra il quale è raffigurata una figura femminile sdraiata, velata, vestita di una tunica s",sec. II a.C. seconda metà
descr_iscrizione,https://w3id.org/arco/resource/Veneto/ArchaeologicalProperty/CRV-RA_0001044,"congedo di due personaggi (urna, urna cineraria a cassetta apoda con coperchio) - ambito culturale etrusco, produzione di Chiusi (seconda metà sec. II a.C.) :: Urna cineraria a cassetta, realizzata a stampo, apoda, con coperchio sopra il quale è raffigurata una figura femminile sdraiata, velata, vestita di una tunica s",sec. II a.C./seconda metà
descr_iscrizione,https://w3id.org/arco/resource/Veneto/ArchaeologicalProperty/CRV-RA_0008281,"coppa, Morel 2653; Lamboglia A28 - ambito culturale etrusco/produzione locale (secc. II-I a.C.) :: Coppa con spesso orlo arrotondato, labbro estroflesso, ampia vasca profonda con parte superiore a pareti rettilinee, svasate e parte inferiore bombata, piede ad",secc. II - I a.C.
descr_iscrizione,https://w3id.org/arco/resource/Veneto/ArchaeologicalProperty/CRV-RA_0008281,"coppa, Morel 2653; Lamboglia A28 - ambito culturale etrusco/produzione locale (secc. II-I a.C.) :: Coppa con spesso orlo arrotondato, labbro estroflesso, ampia vasca profonda con parte superiore a pareti rettilinee, svasate e parte inferiore bombata, piede ad",secc. II I a.C.
descr_iscrizione,https://w3id.org/arco/resource/Veneto/ArchaeologicalProperty/CRV-RA_0008281,"coppa, Morel 2653; Lamboglia A28 - ambito culturale etrusco/produzione locale (secc. II-I a.C.) :: Coppa con spesso orlo arrotondato, labbro estroflesso, ampia vasca profonda con parte superiore a pareti rettilinee, svasate e parte inferiore bombata, piede ad",secc. II- I a.C.
descr_iscrizione,https://w3id.org/arco/resource/Veneto/ArchaeologicalProperty/CRV-RA_0008281,"coppa, Morel 2653; Lamboglia A28 - ambito culturale etrusco/produzione locale (secc. II-I a.C.) :: Coppa con spesso orlo arrotondato, labbro estroflesso, ampia vasca profonda con parte superiore a pareti rettilinee, svasate e parte inferiore bombata, piede ad",secc. II-I a.C.
descr_iscrizione,https://w3id.org/arco/resource/Veneto/ArchaeologicalProperty/CRV-RA_0008286,"piatto da pesce, Morel 1315b 1 - ambito culturale etrusco/produzione locale (prima metà sec. II a.C.) :: Piatto da pesce con vasca poco profonda, pareti quasi rettilinee, orlo con profilo a mandorla, estroflesso, basso piede ad anello leggermente obliquo. Sulla par",sec. II a.C. prima metà
descr_iscrizione,https://w3id.org/arco/resource/Veneto/ArchaeologicalProperty/CRV-RA_0008286,"piatto da pesce, Morel 1315b 1 - ambito culturale etrusco/produzione locale (prima metà sec. II a.C.) :: Piatto da pesce con vasca poco profonda, pareti quasi rettilinee, orlo con profilo a mandorla, estroflesso, basso piede ad anello leggermente obliquo. Sulla par",sec. II a.C./prima metà
descr_iscrizione,https://w3id.org/arco/resource/Veneto/ArchaeologicalProperty/CRV-RA_0008288,"patera, Morel 2272b 1 - ambito culturale etrusco/produzione locale (secc. III-II a.C.) :: Patera con vasca piatta, leggermente concava, orlo alto, verticale, rettilineo, leggermente ispessito, piede ad anello troncoconico. All'interno della vasca, ce",secc. III - II a.C.
descr_iscrizione,https://w3id.org/arco/resource/Veneto/ArchaeologicalProperty/CRV-RA_0008288,"patera, Morel 2272b 1 - ambito culturale etrusco/produzione locale (secc. III-II a.C.) :: Patera con vasca piatta, leggermente concava, orlo alto, verticale, rettilineo, leggermente ispessito, piede ad anello troncoconico. All'interno della vasca, ce",secc. III-II a.C.
descr_iscrizione,https://w3id.org/arco/resource/Veneto/ArchaeologicalProperty/CRV-RA_0008288,"patera, Morel 2272b 1 - ambito culturale etrusco/produzione locale (secc. III-II a.C.) :: Patera con vasca piatta, leggermente concava, orlo alto, verticale, rettilineo, leggermente ispessito, piede ad anello troncoconico. All'interno della vasca, ce",secc. III-II a.C.?
descr_iscrizione,https://w3id.org/arco/resource/Veneto/ArchaeologicalProperty/CRV-RA_0008488,"coppa, Morel 2614 (II sec. a.C.); Lamboglia A28 - ambito culturale etrusco/produzione locale (sec. II a.C.) :: Coppa con orlo arrotondato, appiattito superiormente, leggermente espanso allesterno, vasca larga e profonda con parete a profilo a S, parte superiore svasata ",sec. II a.C.
descr_iscrizione,https://w3id.org/arco/resource/Veneto/ArchaeologicalProperty/CRV-RA_0008488,"coppa, Morel 2614 (II sec. a.C.); Lamboglia A28 - ambito culturale etrusco/produzione locale (sec. II a.C.) :: Coppa con orlo arrotondato, appiattito superiormente, leggermente espanso allesterno, vasca larga e profonda con parete a profilo a S, parte superiore svasata ",sec. II a.C. (?)
descr_iscrizione,https://w3id.org/arco/resource/Veneto/ArchaeologicalProperty/CRV-RA_0008488,"coppa, Morel 2614 (II sec. a.C.); Lamboglia A28 - ambito culturale etrusco/produzione locale (sec. II a.C.) :: Coppa con orlo arrotondato, appiattito superiormente, leggermente espanso allesterno, vasca larga e profonda con parete a profilo a S, parte superiore svasata ",sec. II a.C.?
descr_iscrizione,https://w3id.org/arco/resource/Veneto/ArchaeologicalProperty/CRV-RA_0008501,"ciotola, Morel 2722a; Lamboglia A 27a; Pasquinucci, forma 27 (metà III sec. a.C.) - ambito culturale etrusco/produzione locale (secc. III-II a.C.) :: Ciotola con alto orlo arrotondato e inflesso, sottolineato esternamente da 2 scanalature orizzontali, parallele, vasca molto profonda, emisferica, allinterno, ",secc. III - II a.C.
descr_iscrizione,https://w3id.org/arco/resource/Veneto/ArchaeologicalProperty/CRV-RA_0008501,"ciotola, Morel 2722a; Lamboglia A 27a; Pasquinucci, forma 27 (metà III sec. a.C.) - ambito culturale etrusco/produzione locale (secc. III-II a.C.) :: Ciotola con alto orlo arrotondato e inflesso, sottolineato esternamente da 2 scanalature orizzontali, parallele, vasca molto profonda, emisferica, allinterno, ",secc. III-II a.C.
descr_iscrizione,https://w3id.org/arco/resource/Veneto/ArchaeologicalProperty/CRV-RA_0008501,"ciotola, Morel 2722a; Lamboglia A 27a; Pasquinucci, forma 27 (metà III sec. a.C.) - ambito culturale etrusco/produzione locale (secc. III-II a.C.) :: Ciotola con alto orlo arrotondato e inflesso, sottolineato esternamente da 2 scanalature orizzontali, parallele, vasca molto profonda, emisferica, allinterno, ",secc. III-II a.C.?
descr_iscrizione,https://w3id.org/arco/resource/Veneto/ArchaeologicalProperty/CRV-RA_0008508,"ciotola, Morel 2722a/2732; Lamboglia A 27a; Pasquinucci, forma 27 (metà III sec. a.C.) - ambito culturale etrusco/produzione locale (secc. III-II a.C.) :: Ciotola con alto orlo arrotondato e inflesso, sottolineato esternamente da 2 scanalature orizzontali, parallele, vasca molto profonda, emisferica, allinterno d",secc. III - II a.C.
descr_iscrizione,https://w3id.org/arco/resource/Veneto/ArchaeologicalProperty/CRV-RA_0008508,"ciotola, Morel 2722a/2732; Lamboglia A 27a; Pasquinucci, forma 27 (metà III sec. a.C.) - ambito culturale etrusco/produzione locale (secc. III-II a.C.) :: Ciotola con alto orlo arrotondato e inflesso, sottolineato esternamente da 2 scanalature orizzontali, parallele, vasca molto profonda, emisferica, allinterno d",secc. III-II a.C.
descr_iscrizione,https://w3id.org/arco/resource/Veneto/ArchaeologicalProperty/CRV-RA_0008508,"ciotola, Morel 2722a/2732; Lamboglia A 27a; Pasquinucci, forma 27 (metà III sec. a.C.) - ambito culturale etrusco/produzione locale (secc. III-II a.C.) :: Ciotola con alto orlo arrotondato e inflesso, sottolineato esternamente da 2 scanalature orizzontali, parallele, vasca molto profonda, emisferica, allinterno d",secc. III-II a.C.?
descr_iscrizione,https://w3id.org/arco/resource/Veneto/ArchaeologicalProperty/CRV-RA_0009037,"anfora, Toniolo tipo 17 (anfora greco-italica) - ambito culturale etrusco/produzione alto-adriatica (sec. II a.C.) :: Anfora vinaria di tipo greco-italico con orlo a sezione triangolare, pendente, a base orizzontale, lungo collo cilindrico, spalla espansa, sottolineata da uno s",sec. II a.C.
descr_iscrizione,https://w3id.org/arco/resource/Veneto/ArchaeologicalProperty/CRV-RA_0009037,"anfora, Toniolo tipo 17 (anfora greco-italica) - ambito culturale etrusco/produzione alto-adriatica (sec. II a.C.) :: Anfora vinaria di tipo greco-italico con orlo a sezione triangolare, pendente, a base orizzontale, lungo collo cilindrico, spalla espansa, sottolineata da uno s",sec. II a.C. (?)
descr_iscrizione,https://w3id.org/arco/resource/Veneto/ArchaeologicalProperty/CRV-RA_0009037,"anfora, Toniolo tipo 17 (anfora greco-italica) - ambito culturale etrusco/produzione alto-adriatica (sec. II a.C.) :: Anfora vinaria di tipo greco-italico con orlo a sezione triangolare, pendente, a base orizzontale, lungo collo cilindrico, spalla espansa, sottolineata da uno s",sec. II a.C.?
label_etrusc,https://w3id.org/arco/resource/ArchaeologicalProperty/08iccd_modi_0029249257731,distanziatore - ambito etrusco-padano (IV a.C),"IV a,C"
label_etrusc,https://w3id.org/arco/resource/ArchaeologicalProperty/08iccd_modi_0029249257731,distanziatore - ambito etrusco-padano (IV a.C),IV a.C
label_etrusc,https://w3id.org/arco/resource/ArchaeologicalProperty/08iccd_modi_0029249257731,distanziatore - ambito etrusco-padano (IV a.C),IV a.C. (?)
label_etrusc,https://w3id.org/arco/resource/ArchaeologicalProperty/08iccd_modi_0157961077731,olla - ambito etrusco-padano (IV a.C),"IV a,C"
label_etrusc,https://w3id.org/arco/resource/ArchaeologicalProperty/08iccd_modi_0157961077731,olla - ambito etrusco-padano (IV a.C),IV a.C
label_etrusc,https://w3id.org/arco/resource/ArchaeologicalProperty/08iccd_modi_0157961077731,olla - ambito etrusco-padano (IV a.C),IV a.C. (?)
label_etrusc,https://w3id.org/arco/resource/ArchaeologicalProperty/08iccd_modi_0169883527731,anfora da tavola o brocca - ambito etrusco-padano (IV a.C),"IV a,C"
label_etrusc,https://w3id.org/arco/resource/ArchaeologicalProperty/08iccd_modi_0169883527731,anfora da tavola o brocca - ambito etrusco-padano (IV a.C),IV a.C
label_etrusc,https://w3id.org/arco/resource/ArchaeologicalProperty/08iccd_modi_0169883527731,anfora da tavola o brocca - ambito etrusco-padano (IV a.C),IV a.C. (?)
label_etrusc,https://w3id.org/arco/resource/ArchaeologicalProperty/08iccd_modi_0181534985731,ciotola - ambito etrusco-padano (IV a.C),"IV a,C"
label_etrusc,https://w3id.org/arco/resource/ArchaeologicalProperty/08iccd_modi_0181534985731,ciotola - ambito etrusco-padano (IV a.C),IV a.C
label_etrusc,https://w3id.org/arco/resource/ArchaeologicalProperty/08iccd_modi_0181534985731,ciotola - ambito etrusco-padano (IV a.C),IV a.C. (?)
label_etrusc,https://w3id.org/arco/resource/ArchaeologicalProperty/08iccd_modi_0186636606731,peso da telaio - ambito etrusco-padano (IV a.C),"IV a,C"
label_etrusc,https://w3id.org/arco/resource/ArchaeologicalProperty/08iccd_modi_0186636606731,peso da telaio - ambito etrusco-padano (IV a.C),IV a.C
label_etrusc,https://w3id.org/arco/resource/ArchaeologicalProperty/08iccd_modi_0186636606731,peso da telaio - ambito etrusco-padano (IV a.C),IV a.C. (?)
label_etrusc,https://w3id.org/arco/resource/ArchaeologicalProperty/08iccd_modi_0282101007731,scoria - ambito etrusco-padano (IV a.C),"IV a,C"
label_etrusc,https://w3id.org/arco/resource/ArchaeologicalProperty/08iccd_modi_0282101007731,scoria - ambito etrusco-padano (IV a.C),IV a.C
label_etrusc,https://w3id.org/arco/resource/ArchaeologicalProperty/08iccd_modi_0282101007731,scoria - ambito etrusco-padano (IV a.C),IV a.C. (?)
label_etrusc,https://w3id.org/arco/resource/ArchaeologicalProperty/08iccd_modi_0315432907731,peso - ambito etrusco-padano (IV a.C),"IV a,C"
label_etrusc,https://w3id.org/arco/resource/ArchaeologicalProperty/08iccd_modi_0315432907731,peso - ambito etrusco-padano (IV a.C),IV a.C
label_etrusc,https://w3id.org/arco/resource/ArchaeologicalProperty/08iccd_modi_0315432907731,peso - ambito etrusco-padano (IV a.C),IV a.C. (?)
label_etrusc,https://w3id.org/arco/resource/ArchaeologicalProperty/08iccd_modi_0390537627731,brocca - ambito etrusco-padano (IV a.C),"IV a,C"
label_etrusc,https://w3id.org/arco/resource/ArchaeologicalProperty/08iccd_modi_0390537627731,brocca - ambito etrusco-padano (IV a.C),IV a.C
label_etrusc,https://w3id.org/arco/resource/ArchaeologicalProperty/08iccd_modi_0390537627731,brocca - ambito etrusco-padano (IV a.C),IV a.C. (?)
label_etrusc,https://w3id.org/arco/resource/ArchaeologicalProperty/08iccd_modi_0523057247731,piattello - ambito etrusco-padano (V a.C. seconda metà-IV a.C. prima metà),V a.C seconda metà-IV a.C. prima metà
label_etrusc,https://w3id.org/arco/resource/ArchaeologicalProperty/08iccd_modi_0523057247731,piattello - ambito etrusco-padano (V a.C. seconda metà-IV a.C. prima metà),V a.C. seconda metà-IV a.C. prima metà
label_etrusc,https://w3id.org/arco/resource/ArchaeologicalProperty/08iccd_modi_0550029996731,ghianda missile - ambito etrusco-padano (IV a.C),"IV a,C"
label_etrusc,https://w3id.org/arco/resource/ArchaeologicalProperty/08iccd_modi_0550029996731,ghianda missile - ambito etrusco-padano (IV a.C),IV a.C
label_etrusc,https://w3id.org/arco/resource/ArchaeologicalProperty/08iccd_modi_0550029996731,ghianda missile - ambito etrusco-padano (IV a.C),IV a.C. (?)
label_etrusc,https://w3id.org/arco/resource/ArchaeologicalProperty/08iccd_modi_0657023985731,ciotola - ambito etrusco-padano (IV a.C),"IV a,C"
label_etrusc,https://w3id.org/arco/resource/ArchaeologicalProperty/08iccd_modi_0657023985731,ciotola - ambito etrusco-padano (IV a.C),IV a.C
label_etrusc,https://w3id.org/arco/resource/ArchaeologicalProperty/08iccd_modi_0657023985731,ciotola - ambito etrusco-padano (IV a.C),IV a.C. (?)
label_etrusc,https://w3id.org/arco/resource/ArchaeologicalProperty/08iccd_modi_0810055996731,bracciale - ambito etrusco-padano (IV a.C),"IV a,C"
label_etrusc,https://w3id.org/arco/resource/ArchaeologicalProperty/08iccd_modi_0810055996731,bracciale - ambito etrusco-padano (IV a.C),IV a.C
label_etrusc,https://w3id.org/arco/resource/ArchaeologicalProperty/08iccd_modi_0810055996731,bracciale - ambito etrusco-padano (IV a.C),IV a.C. (?)
label_etrusc,https://w3id.org/arco/resource/ArchaeologicalProperty/08iccd_modi_0859548147731,ciotola - ambito etrusco-padano (IV a.C),"IV a,C"
label_etrusc,https://w3id.org/arco/resource/ArchaeologicalProperty/08iccd_modi_0859548147731,ciotola - ambito etrusco-padano (IV a.C),IV a.C
label_etrusc,https://w3id.org/arco/resource/ArchaeologicalProperty/08iccd_modi_0859548147731,ciotola - ambito etrusco-padano (IV a.C),IV a.C. (?)
label_etrusc,https://w3id.org/arco/resource/ArchaeologicalProperty/08iccd_modi_0959108347731,ciotola - ambito etrusco-padano (IV a.C),"IV a,C"
label_etrusc,https://w3id.org/arco/resource/ArchaeologicalProperty/08iccd_modi_0959108347731,ciotola - ambito etrusco-padano (IV a.C),IV a.C
label_etrusc,https://w3id.org/arco/resource/ArchaeologicalProperty/08iccd_modi_0959108347731,ciotola - ambito etrusco-padano (IV a.C),IV a.C. (?)
label_etrusc,https://w3id.org/arco/resource/ArchaeologicalProperty/08iccd_modi_0970633077731,piattello - ambito etrusco-padano (IV a.C),"IV a,C"
label_etrusc,https://w3id.org/arco/resource/ArchaeologicalProperty/08iccd_modi_0970633077731,piattello - ambito etrusco-padano (IV a.C),IV a.C
label_etrusc,https://w3id.org/arco/resource/ArchaeologicalProperty/08iccd_modi_0970633077731,piattello - ambito etrusco-padano (IV a.C),IV a.C. (?)
label_etrusc,https://w3id.org/arco/resource/ArchaeologicalProperty/08iccd_modi_1018202795731,olla - ambito etrusco-padano (IV a.C),"IV a,C"
label_etrusc,https://w3id.org/arco/resource/ArchaeologicalProperty/08iccd_modi_1018202795731,olla - ambito etrusco-padano (IV a.C),IV a.C
label_etrusc,https://w3id.org/arco/resource/ArchaeologicalProperty/08iccd_modi_1018202795731,olla - ambito etrusco-padano (IV a.C),IV a.C. (?)
label_etrusc,https://w3id.org/arco/resource/ArchaeologicalProperty/08iccd_modi_1027874447731,bacino - ambito etrusco-padano (IV a.C),"IV a,C"
label_etrusc,https://w3id.org/arco/resource/ArchaeologicalProperty/08iccd_modi_1027874447731,bacino - ambito etrusco-padano (IV a.C),IV a.C
label_etrusc,https://w3id.org/arco/resource/ArchaeologicalProperty/08iccd_modi_1027874447731,bacino - ambito etrusco-padano (IV a.C),IV a.C. (?)
label_etrusc,https://w3id.org/arco/resource/ArchaeologicalProperty/08iccd_modi_1153690247731,ciotola - ambito etrusco-padano (IV a.C),"IV a,C"
label_etrusc,https://w3id.org/arco/resource/ArchaeologicalProperty/08iccd_modi_1153690247731,ciotola - ambito etrusco-padano (IV a.C),IV a.C
label_etrusc,https://w3id.org/arco/resource/ArchaeologicalProperty/08iccd_modi_1153690247731,ciotola - ambito etrusco-padano (IV a.C),IV a.C. (?)
label_etrusc,https://w3id.org/arco/resource/ArchaeologicalProperty/08iccd_modi_1248099595731,piattello - ambito etrusco-padano (IV a.C),"IV a,C"
label_etrusc,https://w3id.org/arco/resource/ArchaeologicalProperty/08iccd_modi_1248099595731,piattello - ambito etrusco-padano (IV a.C),IV a.C
label_etrusc,https://w3id.org/arco/resource/ArchaeologicalProperty/08iccd_modi_1248099595731,piattello - ambito etrusco-padano (IV a.C),IV a.C. (?)
label_etrusc,https://w3id.org/arco/resource/ArchaeologicalProperty/08iccd_modi_1276429627731,ciotola (?) - ambito etrusco-padano (IV a.C),"IV a,C"
label_etrusc,https://w3id.org/arco/resource/ArchaeologicalProperty/08iccd_modi_1276429627731,ciotola (?) - ambito etrusco-padano (IV a.C),IV a.C
label_etrusc,https://w3id.org/arco/resource/ArchaeologicalProperty/08iccd_modi_1276429627731,ciotola (?) - ambito etrusco-padano (IV a.C),IV a.C. (?)
label_etrusc,https://w3id.org/arco/resource/ArchaeologicalProperty/08iccd_modi_1307361447731,ciotola - ambito etrusco-padano (IV a.C. fine-III a.C),IV a.C. fine-III a.C
label_etrusc,https://w3id.org/arco/resource/ArchaeologicalProperty/08iccd_modi_1354942985731,ciotola - ambito etrusco-padano (IV a.C),"IV a,C"
label_etrusc,https://w3id.org/arco/resource/ArchaeologicalProperty/08iccd_modi_1354942985731,ciotola - ambito etrusco-padano (IV a.C),IV a.C
label_etrusc,https://w3id.org/arco/resource/ArchaeologicalProperty/08iccd_modi_1354942985731,ciotola - ambito etrusco-padano (IV a.C),IV a.C. (?)
label_etrusc,https://w3id.org/arco/resource/ArchaeologicalProperty/08iccd_modi_1371984985731,ciotola - ambito etrusco-padano (IV a.C),"IV a,C"
label_etrusc,https://w3id.org/arco/resource/ArchaeologicalProperty/08iccd_modi_1371984985731,ciotola - ambito etrusco-padano (IV a.C),IV a.C
label_etrusc,https://w3id.org/arco/resource/ArchaeologicalProperty/08iccd_modi_1371984985731,ciotola - ambito etrusco-padano (IV a.C),IV a.C. (?)
label_etrusc,https://w3id.org/arco/resource/ArchaeologicalProperty/08iccd_modi_1389314627731,aryballos (?) - ambito etrusco-padano (IV a.C),"IV a,C"
label_etrusc,https://w3id.org/arco/resource/ArchaeologicalProperty/08iccd_modi_1389314627731,aryballos (?) - ambito etrusco-padano (IV a.C),IV a.C
label_etrusc,https://w3id.org/arco/resource/ArchaeologicalProperty/08iccd_modi_1389314627731,aryballos (?) - ambito etrusco-padano (IV a.C),IV a.C. (?)
label_etrusc,https://w3id.org/arco/resource/ArchaeologicalProperty/08iccd_modi_1434243247731,piattello - ambito etrusco-padano (IV a.C. fine-III a.C. metà),IV a.C. fine-III a.C. metà
label_etrusc,https://w3id.org/arco/resource/ArchaeologicalProperty/08iccd_modi_1510210007731,lamina - ambito etrusco-padano (IV a.C),"IV a,C"
label_etrusc,https://w3id.org/arco/resource/ArchaeologicalProperty/08iccd_modi_1510210007731,lamina - ambito etrusco-padano (IV a.C),IV a.C
label_etrusc,https://w3id.org/arco/resource/ArchaeologicalProperty/08iccd_modi_1510210007731,lamina - ambito etrusco-padano (IV a.C),IV a.C. (?)
label_etrusc,https://w3id.org/arco/resource/ArchaeologicalProperty/08iccd_modi_1536599347731,ciotola - ambito etrusco-padano (V a.C. fine-IV a.C),V a.C. fine - IV a.C
label_etrusc,https://w3id.org/arco/resource/ArchaeologicalProperty/08iccd_modi_1536599347731,ciotola - ambito etrusco-padano (V a.C. fine-IV a.C),V a.C. fine-IV a.C
label_etrusc,https://w3id.org/arco/resource/ArchaeologicalProperty/08iccd_modi_1638392885731,ciotola - ambito etrusco-padano (IV a.C),"IV a,C"
label_etrusc,https://w3id.org/arco/resource/ArchaeologicalProperty/08iccd_modi_1638392885731,ciotola - ambito etrusco-padano (IV a.C),IV a.C
label_etrusc,https://w3id.org/arco/resource/ArchaeologicalProperty/08iccd_modi_1638392885731,ciotola - ambito etrusco-padano (IV a.C),IV a.C. (?)
label_etrusc,https://w3id.org/arco/resource/ArchaeologicalProperty/08iccd_modi_1684666257731,distanziatore - ambito etrusco-padano (IV a.C),"IV a,C"
label_etrusc,https://w3id.org/arco/resource/ArchaeologicalProperty/08iccd_modi_1684666257731,distanziatore - ambito etrusco-padano (IV a.C),IV a.C
label_etrusc,https://w3id.org/arco/resource/ArchaeologicalProperty/08iccd_modi_1684666257731,distanziatore - ambito etrusco-padano (IV a.C),IV a.C. (?)
label_etrusc,https://w3id.org/arco/resource/ArchaeologicalProperty/08iccd_modi_1709773795731,dolio - ambito etrusco-padano (IV a.C),"IV a,C"
label_etrusc,https://w3id.org/arco/resource/ArchaeologicalProperty/08iccd_modi_1709773795731,dolio - ambito etrusco-padano (IV a.C),IV a.C
label_etrusc,https://w3id.org/arco/resource/ArchaeologicalProperty/08iccd_modi_1709773795731,dolio - ambito etrusco-padano (IV a.C),IV a.C. (?)
label_etrusc,https://w3id.org/arco/resource/ArchaeologicalProperty/08iccd_modi_1752833257731,distanziatore - ambito etrusco-padano (IV a.C),"IV a,C"
label_etrusc,https://w3id.org/arco/resource/ArchaeologicalProperty/08iccd_modi_1752833257731,distanziatore - ambito etrusco-padano (IV a.C),IV a.C
label_etrusc,https://w3id.org/arco/resource/ArchaeologicalProperty/08iccd_modi_1752833257731,distanziatore - ambito etrusco-padano (IV a.C),IV a.C. (?)
label_etrusc,https://w3id.org/arco/resource/ArchaeologicalProperty/08iccd_modi_1870370527731,vaso colatoio - ambito etrusco-padano (IV a.C),"IV a,C"
label_etrusc,https://w3id.org/arco/resource/ArchaeologicalProperty/08iccd_modi_1870370527731,vaso colatoio - ambito etrusco-padano (IV a.C),IV a.C
label_etrusc,https://w3id.org/arco/resource/ArchaeologicalProperty/08iccd_modi_1870370527731,vaso colatoio - ambito etrusco-padano (IV a.C),IV a.C. (?)
label_etrusc,https://w3id.org/arco/resource/ArchaeologicalProperty/08iccd_modi_1876593885731,ciotola - ambito etrusco-padano (IV a.C),"IV a,C"
label_etrusc,https://w3id.org/arco/resource/ArchaeologicalProperty/08iccd_modi_1876593885731,ciotola - ambito etrusco-padano (IV a.C),IV a.C
label_etrusc,https://w3id.org/arco/resource/ArchaeologicalProperty/08iccd_modi_1876593885731,ciotola - ambito etrusco-padano (IV a.C),IV a.C. (?)
label_etrusc,https://w3id.org/arco/resource/ArchaeologicalProperty/08iccd_modi_1903175795731,lekythos - ambito etrusco (IV a.C),IV a.C Ultimo quarto
label_etrusc,https://w3id.org/arco/resource/ArchaeologicalProperty/08iccd_modi_1903175795731,lekythos - ambito etrusco (IV a.C),IV a.C ultimo quarto
label_etrusc,https://w3id.org/arco/resource/ArchaeologicalProperty/08iccd_modi_1949014247731,piattello - ambito etrusco-padano (IV a.C),"IV a,C"
label_etrusc,https://w3id.org/arco/resource/ArchaeologicalProperty/08iccd_modi_1949014247731,piattello - ambito etrusco-padano (IV a.C),IV a.C
label_etrusc,https://w3id.org/arco/resource/ArchaeologicalProperty/08iccd_modi_1949014247731,piattello - ambito etrusco-padano (IV a.C),IV a.C. (?)
label_etrusc,https://w3id.org/arco/resource/ArchaeologicalProperty/08iccd_modi_2025746247731,piatto - ambito etrusco-padano (IV a.C),"IV a,C"
label_etrusc,https://w3id.org/arco/resource/ArchaeologicalProperty/08iccd_modi_2025746247731,piatto - ambito etrusco-padano (IV a.C),IV a.C
label_etrusc,https://w3id.org/arco/resource/ArchaeologicalProperty/08iccd_modi_2025746247731,piatto - ambito etrusco-padano (IV a.C),IV a.C. (?)
label_etrusc,https://w3id.org/arco/resource/ArchaeologicalProperty/08iccd_modi_2117079996731,fibula (?) - ambito etrusco-padano (IV a.C),"IV a,C"
label_etrusc,https://w3id.org/arco/resource/ArchaeologicalProperty/08iccd_modi_2117079996731,fibula (?) - ambito etrusco-padano (IV a.C),IV a.C
label_etrusc,https://w3id.org/arco/resource/ArchaeologicalProperty/08iccd_modi_2117079996731,fibula (?) - ambito etrusco-padano (IV a.C),IV a.C. (?)
label_etrusc,https://w3id.org/arco/resource/ArchaeologicalProperty/08iccd_modi_2141274306731,coperchio - ambito etrusco-padano (IV a.C),"IV a,C"
label_etrusc,https://w3id.org/arco/resource/ArchaeologicalProperty/08iccd_modi_2141274306731,coperchio - ambito etrusco-padano (IV a.C),IV a.C
label_etrusc,https://w3id.org/arco/resource/ArchaeologicalProperty/08iccd_modi_2141274306731,coperchio - ambito etrusco-padano (IV a.C),IV a.C. (?)
label_etrusc,https://w3id.org/arco/resource/ArchaeologicalProperty/08iccd_modi_2400599506731,anello - ambito etrusco-padano (IV a.C),"IV a,C"
label_etrusc,https://w3id.org/arco/resource/ArchaeologicalProperty/08iccd_modi_2400599506731,anello - ambito etrusco-padano (IV a.C),IV a.C
label_etrusc,https://w3id.org/arco/resource/ArchaeologicalProperty/08iccd_modi_2400599506731,anello - ambito etrusco-padano (IV a.C),IV a.C. (?)
label_etrusc,https://w3id.org/arco/resource/ArchaeologicalProperty/08iccd_modi_2434844896731,antefissa - ambito etrusco-padano (V a.C.-IV a.C),V a.C - IV a.C
label_etrusc,https://w3id.org/arco/resource/ArchaeologicalProperty/08iccd_modi_2434844896731,antefissa - ambito etrusco-padano (V a.C.-IV a.C),V a.C.-IV a.C
label_etrusc,https://w3id.org/arco/resource/ArchaeologicalProperty/08iccd_modi_2434844896731,antefissa - ambito etrusco-padano (V a.C.-IV a.C),V a.C./ IV a.C
label_etrusc,https://w3id.org/arco/resource/ArchaeologicalProperty/08iccd_modi_2603250077731,ciotola - ambito etrusco-padano (IV a.C),"IV a,C"
label_etrusc,https://w3id.org/arco/resource/ArchaeologicalProperty/08iccd_modi_2603250077731,ciotola - ambito etrusco-padano (IV a.C),IV a.C
label_etrusc,https://w3id.org/arco/resource/ArchaeologicalProperty/08iccd_modi_2603250077731,ciotola - ambito etrusco-padano (IV a.C),IV a.C. (?)
label_etrusc,https://w3id.org/arco/resource/ArchaeologicalProperty/08iccd_modi_2632239147731,ciotola - ambito etrusco-padano (IV a.C),"IV a,C"
label_etrusc,https://w3id.org/arco/resource/ArchaeologicalProperty/08iccd_modi_2632239147731,ciotola - ambito etrusco-padano (IV a.C),IV a.C
label_etrusc,https://w3id.org/arco/resource/ArchaeologicalProperty/08iccd_modi_2632239147731,ciotola - ambito etrusco-padano (IV a.C),IV a.C. (?)
label_etrusc,https://w3id.org/arco/resource/ArchaeologicalProperty/08iccd_modi_2703841007731,scoria - ambito etrusco-padano (IV a.C),"IV a,C"
label_etrusc,https://w3id.org/arco/resource/ArchaeologicalProperty/08iccd_modi_2703841007731,scoria - ambito etrusco-padano (IV a.C),IV a.C
label_etrusc,https://w3id.org/arco/resource/ArchaeologicalProperty/08iccd_modi_2703841007731,scoria - ambito etrusco-padano (IV a.C),IV a.C. (?)
label_etrusc,https://w3id.org/arco/resource/ArchaeologicalProperty/08iccd_modi_2707210077731,brocca - ambito etrusco-padano (IV a.C),"IV a,C"
label_etrusc,https://w3id.org/arco/resource/ArchaeologicalProperty/08iccd_modi_2707210077731,brocca - ambito etrusco-padano (IV a.C),IV a.C
label_etrusc,https://w3id.org/arco/resource/ArchaeologicalProperty/08iccd_modi_2707210077731,brocca - ambito etrusco-padano (IV a.C),IV a.C. (?)
label_etrusc,https://w3id.org/arco/resource/ArchaeologicalProperty/08iccd_modi_2718446495731,piattello - ambito etrusco-padano (IV a.C),"IV a,C"
label_etrusc,https://w3id.org/arco/resource/ArchaeologicalProperty/08iccd_modi_2718446495731,piattello - ambito etrusco-padano (IV a.C),IV a.C
label_etrusc,https://w3id.org/arco/resource/ArchaeologicalProperty/08iccd_modi_2718446495731,piattello - ambito etrusco-padano (IV a.C),IV a.C. (?)
label_etrusc,https://w3id.org/arco/resource/ArchaeologicalProperty/08iccd_modi_2865728257731,distanziatore - ambito etrusco-padano (IV a.C),"IV a,C"
label_etrusc,https://w3id.org/arco/resource/ArchaeologicalProperty/08iccd_modi_2865728257731,distanziatore - ambito etrusco-padano (IV a.C),IV a.C
label_etrusc,https://w3id.org/arco/resource/ArchaeologicalProperty/08iccd_modi_2865728257731,distanziatore - ambito etrusco-padano (IV a.C),IV a.C. (?)
label_etrusc,https://w3id.org/arco/resource/ArchaeologicalProperty/08iccd_modi_2868842447731,ciotola - ambito etrusco-padano (IV a.C),"IV a,C"
label_etrusc,https://w3id.org/arco/resource/ArchaeologicalProperty/08iccd_modi_2868842447731,ciotola - ambito etrusco-padano (IV a.C),IV a.C
label_etrusc,https://w3id.org/arco/resource/ArchaeologicalProperty/08iccd_modi_2868842447731,ciotola - ambito etrusco-padano (IV a.C),IV a.C. (?)
label_etrusc,https://w3id.org/arco/resource/ArchaeologicalProperty/08iccd_modi_2959784077731,piatto - ambito etrusco-padano (IV a.C. metà-III a.C. inizio),IV a.C. metà-III a.C. inizio
label_etrusc,https://w3id.org/arco/resource/ArchaeologicalProperty/08iccd_modi_2960858427731,mortaio - ambito etrusco-padano (IV a.C),"IV a,C"
label_etrusc,https://w3id.org/arco/resource/ArchaeologicalProperty/08iccd_modi_2960858427731,mortaio - ambito etrusco-padano (IV a.C),IV a.C
label_etrusc,https://w3id.org/arco/resource/ArchaeologicalProperty/08iccd_modi_2960858427731,mortaio - ambito etrusco-padano (IV a.C),IV a.C. (?)
label_etrusc,https://w3id.org/arco/resource/ArchaeologicalProperty/08iccd_modi_2966605257731,"scarto di fornace, (mortaio e distanziatori) - ambito etrusco-padano (IV a.C)","IV a,C"
label_etrusc,https://w3id.org/arco/resource/ArchaeologicalProperty/08iccd_modi_2966605257731,"scarto di fornace, (mortaio e distanziatori) - ambito etrusco-padano (IV a.C)",IV a.C
label_etrusc,https://w3id.org/arco/resource/ArchaeologicalProperty/08iccd_modi_2966605257731,"scarto di fornace, (mortaio e distanziatori) - ambito etrusco-padano (IV a.C)",IV a.C. (?)
label_etrusc,https://w3id.org/arco/resource/ArchaeologicalProperty/08iccd_modi_2969890606731,"fibula, Certosa - ambito etrusco-padano (V-IV a.C)",V - IV a.c
label_etrusc,https://w3id.org/arco/resource/ArchaeologicalProperty/08iccd_modi_2969890606731,"fibula, Certosa - ambito etrusco-padano (V-IV a.C)",V -IV a.C
label_etrusc,https://w3id.org/arco/resource/ArchaeologicalProperty/08iccd_modi_2969890606731,"fibula, Certosa - ambito etrusco-padano (V-IV a.C)",V-IV a.C
label_etrusc,https://w3id.org/arco/resource/ArchaeologicalProperty/08iccd_modi_2969890606731,"fibula, Certosa - ambito etrusco-padano (V-IV a.C)",V-IV a.C. (?)
label_etrusc,https://w3id.org/arco/resource/ArchaeologicalProperty/08iccd_modi_2969890606731,"fibula, Certosa - ambito etrusco-padano (V-IV a.C)",V/IV a.C
label_etrusc,https://w3id.org/arco/resource/ArchaeologicalProperty/08iccd_modi_3035097595731,piattello - ambito etrusco-padano (IV a.C),"IV a,C"
label_etrusc,https://w3id.org/arco/resource/ArchaeologicalProperty/08iccd_modi_3035097595731,piattello - ambito etrusco-padano (IV a.C),IV a.C
label_etrusc,https://w3id.org/arco/resource/ArchaeologicalProperty/08iccd_modi_3035097595731,piattello - ambito etrusco-padano (IV a.C),IV a.C. (?)
label_etrusc,https://w3id.org/arco/resource/ArchaeologicalProperty/08iccd_modi_3161074247731,piatto - ambito etrusco-padano (IV a.C),"IV a,C"
label_etrusc,https://w3id.org/arco/resource/ArchaeologicalProperty/08iccd_modi_3161074247731,piatto - ambito etrusco-padano (IV a.C),IV a.C
label_etrusc,https://w3id.org/arco/resource/ArchaeologicalProperty/08iccd_modi_3161074247731,piatto - ambito etrusco-padano (IV a.C),IV a.C. (?)
label_etrusc,https://w3id.org/arco/resource/ArchaeologicalProperty/08iccd_modi_3188917606731,peso da telaio - ambito etrusco-padano (IV a.C),"IV a,C"
label_etrusc,https://w3id.org/arco/resource/ArchaeologicalProperty/08iccd_modi_3188917606731,peso da telaio - ambito etrusco-padano (IV a.C),IV a.C
label_etrusc,https://w3id.org/arco/resource/ArchaeologicalProperty/08iccd_modi_3188917606731,peso da telaio - ambito etrusco-padano (IV a.C),IV a.C. (?)
label_etrusc,https://w3id.org/arco/resource/ArchaeologicalProperty/08iccd_modi_3194292907731,fuseruola - ambito etrusco-padano (IV a.C),"IV a,C"
label_etrusc,https://w3id.org/arco/resource/ArchaeologicalProperty/08iccd_modi_3194292907731,fuseruola - ambito etrusco-padano (IV a.C),IV a.C
label_etrusc,https://w3id.org/arco/resource/ArchaeologicalProperty/08iccd_modi_3194292907731,fuseruola - ambito etrusco-padano (IV a.C),IV a.C. (?)
label_etrusc,https://w3id.org/arco/resource/ArchaeologicalProperty/08iccd_modi_3201907257731,distanziatore - ambito etrusco-padano (IV a.C),"IV a,C"
label_etrusc,https://w3id.org/arco/resource/ArchaeologicalProperty/08iccd_modi_3201907257731,distanziatore - ambito etrusco-padano (IV a.C),IV a.C
label_etrusc,https://w3id.org/arco/resource/ArchaeologicalProperty/08iccd_modi_3201907257731,distanziatore - ambito etrusco-padano (IV a.C),IV a.C. (?)
label_etrusc,https://w3id.org/arco/resource/ArchaeologicalProperty/08iccd_modi_3246953306731,coperchio - ambito etrusco-padano (IV a.C),"IV a,C"
label_etrusc,https://w3id.org/arco/resource/ArchaeologicalProperty/08iccd_modi_3246953306731,coperchio - ambito etrusco-padano (IV a.C),IV a.C
label_etrusc,https://w3id.org/arco/resource/ArchaeologicalProperty/08iccd_modi_3246953306731,coperchio - ambito etrusco-padano (IV a.C),IV a.C. (?)
label_etrusc,https://w3id.org/arco/resource/ArchaeologicalProperty/08iccd_modi_3259184606731,piattello - ambito etrusco-padano (V-IV a.C),V - IV a.c
label_etrusc,https://w3id.org/arco/resource/ArchaeologicalProperty/08iccd_modi_3259184606731,piattello - ambito etrusco-padano (V-IV a.C),V -IV a.C
label_etrusc,https://w3id.org/arco/resource/ArchaeologicalProperty/08iccd_modi_3259184606731,piattello - ambito etrusco-padano (V-IV a.C),V-IV a.C
label_etrusc,https://w3id.org/arco/resource/ArchaeologicalProperty/08iccd_modi_3259184606731,piattello - ambito etrusco-padano (V-IV a.C),V-IV a.C. (?)
label_etrusc,https://w3id.org/arco/resource/ArchaeologicalProperty/08iccd_modi_3259184606731,piattello - ambito etrusco-padano (V-IV a.C),V/IV a.C
label_etrusc,https://w3id.org/arco/resource/ArchaeologicalProperty/08iccd_modi_3300819595731,piattello - ambito etrusco-padano (IV a.C),"IV a,C"
label_etrusc,https://w3id.org/arco/resource/ArchaeologicalProperty/08iccd_modi_3300819595731,piattello - ambito etrusco-padano (IV a.C),IV a.C
label_etrusc,https://w3id.org/arco/resource/ArchaeologicalProperty/08iccd_modi_3300819595731,piattello - ambito etrusco-padano (IV a.C),IV a.C. (?)
label_etrusc,https://w3id.org/arco/resource/ArchaeologicalProperty/08iccd_modi_3327250606731,chiodo - ambito etrusco-padano (IV a.C),"IV a,C"
label_etrusc,https://w3id.org/arco/resource/ArchaeologicalProperty/08iccd_modi_3327250606731,chiodo - ambito etrusco-padano (IV a.C),IV a.C
label_etrusc,https://w3id.org/arco/resource/ArchaeologicalProperty/08iccd_modi_3327250606731,chiodo - ambito etrusco-padano (IV a.C),IV a.C. (?)
label_etrusc,https://w3id.org/arco/resource/ArchaeologicalProperty/08iccd_modi_3354873627731,olla - ambito etrusco-padano (IV a.C),"IV a,C"
label_etrusc,https://w3id.org/arco/resource/ArchaeologicalProperty/08iccd_modi_3354873627731,olla - ambito etrusco-padano (IV a.C),IV a.C
label_etrusc,https://w3id.org/arco/resource/ArchaeologicalProperty/08iccd_modi_3354873627731,olla - ambito etrusco-padano (IV a.C),IV a.C. (?)
label_etrusc,https://w3id.org/arco/resource/ArchaeologicalProperty/08iccd_modi_3379516627731,brocca o olla - ambito etrusco-padano (IV a.C),"IV a,C"
label_etrusc,https://w3id.org/arco/resource/ArchaeologicalProperty/08iccd_modi_3379516627731,brocca o olla - ambito etrusco-padano (IV a.C),IV a.C
label_etrusc,https://w3id.org/arco/resource/ArchaeologicalProperty/08iccd_modi_3379516627731,brocca o olla - ambito etrusco-padano (IV a.C),IV a.C. (?)
label_etrusc,https://w3id.org/arco/resource/ArchaeologicalProperty/08iccd_modi_3384469627731,ciotola - ambito etrusco-padano (IV a.C),"IV a,C"
label_etrusc,https://w3id.org/arco/resource/ArchaeologicalProperty/08iccd_modi_3384469627731,ciotola - ambito etrusco-padano (IV a.C),IV a.C
label_etrusc,https://w3id.org/arco/resource/ArchaeologicalProperty/08iccd_modi_3384469627731,ciotola - ambito etrusco-padano (IV a.C),IV a.C. (?)
label_etrusc,https://w3id.org/arco/resource/ArchaeologicalProperty/08iccd_modi_3388914907731,corno lavorato - ambito etrusco-padano (IV a.C),"IV a,C"
label_etrusc,https://w3id.org/arco/resource/ArchaeologicalProperty/08iccd_modi_3388914907731,corno lavorato - ambito etrusco-padano (IV a.C),IV a.C
label_etrusc,https://w3id.org/arco/resource/ArchaeologicalProperty/08iccd_modi_3388914907731,corno lavorato - ambito etrusco-padano (IV a.C),IV a.C. (?)
label_etrusc,https://w3id.org/arco/resource/ArchaeologicalProperty/08iccd_modi_3414568996731,chiodo (?) - ambito etrusco-padano (IV a.C),"IV a,C"
label_etrusc,https://w3id.org/arco/resource/ArchaeologicalProperty/08iccd_modi_3414568996731,chiodo (?) - ambito etrusco-padano (IV a.C),IV a.C
label_etrusc,https://w3id.org/arco/resource/ArchaeologicalProperty/08iccd_modi_3414568996731,chiodo (?) - ambito etrusco-padano (IV a.C),IV a.C. (?)
label_etrusc,https://w3id.org/arco/resource/ArchaeologicalProperty/08iccd_modi_3605825606731,brocchetta - ambito etrusco-padano (IV a.C),"IV a,C"
label_etrusc,https://w3id.org/arco/resource/ArchaeologicalProperty/08iccd_modi_3605825606731,brocchetta - ambito etrusco-padano (IV a.C),IV a.C
label_etrusc,https://w3id.org/arco/resource/ArchaeologicalProperty/08iccd_modi_3605825606731,brocchetta - ambito etrusco-padano (IV a.C),IV a.C. (?)
label_etrusc,https://w3id.org/arco/resource/ArchaeologicalProperty/08iccd_modi_3621762627731,olla - ambito etrusco-padano (IV a.C),"IV a,C"
label_etrusc,https://w3id.org/arco/resource/ArchaeologicalProperty/08iccd_modi_3621762627731,olla - ambito etrusco-padano (IV a.C),IV a.C
label_etrusc,https://w3id.org/arco/resource/ArchaeologicalProperty/08iccd_modi_3621762627731,olla - ambito etrusco-padano (IV a.C),IV a.C. (?)
label_etrusc,https://w3id.org/arco/resource/ArchaeologicalProperty/08iccd_modi_3624302606731,corno lavorato - ambito etrusco-padano (IV a.C),"IV a,C"
label_etrusc,https://w3id.org/arco/resource/ArchaeologicalProperty/08iccd_modi_3624302606731,corno lavorato - ambito etrusco-padano (IV a.C),IV a.C
label_etrusc,https://w3id.org/arco/resource/ArchaeologicalProperty/08iccd_modi_3624302606731,corno lavorato - ambito etrusco-padano (IV a.C),IV a.C. (?)
label_etrusc,https://w3id.org/arco/resource/ArchaeologicalProperty/08iccd_modi_3669913627731,olla - ambito etrusco-padano (IV a.C),"IV a,C"
label_etrusc,https://w3id.org/arco/resource/ArchaeologicalProperty/08iccd_modi_3669913627731,olla - ambito etrusco-padano (IV a.C),IV a.C
label_etrusc,https://w3id.org/arco/resource/ArchaeologicalProperty/08iccd_modi_3669913627731,olla - ambito etrusco-padano (IV a.C),IV a.C. (?)
label_etrusc,https://w3id.org/arco/resource/ArchaeologicalProperty/08iccd_modi_3710382077731,piattello - ambito etrusco-padano (IV a.C),"IV a,C"
label_etrusc,https://w3id.org/arco/resource/ArchaeologicalProperty/08iccd_modi_3710382077731,piattello - ambito etrusco-padano (IV a.C),IV a.C
label_etrusc,https://w3id.org/arco/resource/ArchaeologicalProperty/08iccd_modi_3710382077731,piattello - ambito etrusco-padano (IV a.C),IV a.C. (?)
label_etrusc,https://w3id.org/arco/resource/ArchaeologicalProperty/08iccd_modi_3731002247731,piatto - ambito etrusco-padano (IV a.C),"IV a,C"
label_etrusc,https://w3id.org/arco/resource/ArchaeologicalProperty/08iccd_modi_3731002247731,piatto - ambito etrusco-padano (IV a.C),IV a.C
label_etrusc,https://w3id.org/arco/resource/ArchaeologicalProperty/08iccd_modi_3731002247731,piatto - ambito etrusco-padano (IV a.C),IV a.C. (?)
label_etrusc,https://w3id.org/arco/resource/ArchaeologicalProperty/08iccd_modi_3736810357731,distanziatore - ambito etrusco-padano (IV a.C),"IV a,C"
label_etrusc,https://w3id.org/arco/resource/ArchaeologicalProperty/08iccd_modi_3736810357731,distanziatore - ambito etrusco-padano (IV a.C),IV a.C
label_etrusc,https://w3id.org/arco/resource/ArchaeologicalProperty/08iccd_modi_3736810357731,distanziatore - ambito etrusco-padano (IV a.C),IV a.C. (?)
label_etrusc,https://w3id.org/arco/resource/ArchaeologicalProperty/08iccd_modi_3784743907731,fuseruola - ambito etrusco-padano (IV a.C),"IV a,C"
label_etrusc,https://w3id.org/arco/resource/ArchaeologicalProperty/08iccd_modi_3784743907731,fuseruola - ambito etrusco-padano (IV a.C),IV a.C
label_etrusc,https://w3id.org/arco/resource/ArchaeologicalProperty/08iccd_modi_3784743907731,fuseruola - ambito etrusco-padano (IV a.C),IV a.C. (?)
label_etrusc,https://w3id.org/arco/resource/ArchaeologicalProperty/08iccd_modi_3813371907731,peso - ambito etrusco-padano (IV a.C),"IV a,C"
label_etrusc,https://w3id.org/arco/resource/ArchaeologicalProperty/08iccd_modi_3813371907731,peso - ambito etrusco-padano (IV a.C),IV a.C
label_etrusc,https://w3id.org/arco/resource/ArchaeologicalProperty/08iccd_modi_3813371907731,peso - ambito etrusco-padano (IV a.C),IV a.C. (?)
label_etrusc,https://w3id.org/arco/resource/ArchaeologicalProperty/08iccd_modi_3828387427731,mortaio - ambito etrusco-padano (V a.C. fine-IV a.C),V a.C. fine - IV a.C
label_etrusc,https://w3id.org/arco/resource/ArchaeologicalProperty/08iccd_modi_3828387427731,mortaio - ambito etrusco-padano (V a.C. fine-IV a.C),V a.C. fine-IV a.C
label_etrusc,https://w3id.org/arco/resource/ArchaeologicalProperty/08iccd_modi_3871946896731,terracotta figurata - ambito etrusco-padano (V-IV a.C),V - IV a.c
label_etrusc,https://w3id.org/arco/resource/ArchaeologicalProperty/08iccd_modi_3871946896731,terracotta figurata - ambito etrusco-padano (V-IV a.C),V -IV a.C
label_etrusc,https://w3id.org/arco/resource/ArchaeologicalProperty/08iccd_modi_3871946896731,terracotta figurata - ambito etrusco-padano (V-IV a.C),V-IV a.C
label_etrusc,https://w3id.org/arco/resource/ArchaeologicalProperty/08iccd_modi_3871946896731,terracotta figurata - ambito etrusco-padano (V-IV a.C),V-IV a.C. (?)
label_etrusc,https://w3id.org/arco/resource/ArchaeologicalProperty/08iccd_modi_3871946896731,terracotta figurata - ambito etrusco-padano (V-IV a.C),V/IV a.C
label_etrusc,https://w3id.org/arco/resource/ArchaeologicalProperty/08iccd_modi_3893409257731,distanziatore - ambito etrusco-padano (IV a.C),"IV a,C"
label_etrusc,https://w3id.org/arco/resource/ArchaeologicalProperty/08iccd_modi_3893409257731,distanziatore - ambito etrusco-padano (IV a.C),IV a.C
label_etrusc,https://w3id.org/arco/resource/ArchaeologicalProperty/08iccd_modi_3893409257731,distanziatore - ambito etrusco-padano (IV a.C),IV a.C. (?)
label_etrusc,https://w3id.org/arco/resource/ArchaeologicalProperty/08iccd_modi_3935524257731,distanziatore - ambito etrusco-padano (IV a.C),"IV a,C"
label_etrusc,https://w3id.org/arco/resource/ArchaeologicalProperty/08iccd_modi_3935524257731,distanziatore - ambito etrusco-padano (IV a.C),IV a.C
label_etrusc,https://w3id.org/arco/resource/ArchaeologicalProperty/08iccd_modi_3935524257731,distanziatore - ambito etrusco-padano (IV a.C),IV a.C. (?)
label_etrusc,https://w3id.org/arco/resource/ArchaeologicalProperty/08iccd_modi_4687524077731,piatto - ambito etrusco-padano (IV a.C. metà-III a.C. inizio),IV a.C. metà-III a.C. inizio
label_etrusc,https://w3id.org/arco/resource/ArchaeologicalProperty/08iccd_modi_5464535247731,piatto - ambito etrusco-padano (IV a.C.metà-III a.C. inizio),IV a.C.metà-III a.C. inizio
label_etrusc,https://w3id.org/arco/resource/ArchaeologicalProperty/08iccd_modi_6144047347731,ciotola - ambito etrusco-padano (IV a.C. metà-III a.C),IV a.C. metà-III a.C
label_etrusc,https://w3id.org/arco/resource/ArchaeologicalProperty/08iccd_modi_6568786627731,anfora da tavola - ambito etrusco-padano (IV a.C. metà-III a.C),IV a.C. metà-III a.C
label_etrusc,https://w3id.org/arco/resource/ArchaeologicalProperty/08iccd_modi_6794885627731,olla - ambito etrusco-padano (V a.C. fine - IV a.C),V a.C. fine - IV a.C
label_etrusc,https://w3id.org/arco/resource/ArchaeologicalProperty/08iccd_modi_6794885627731,olla - ambito etrusco-padano (V a.C. fine - IV a.C),V a.C. fine-IV a.C
label_etrusc,https://w3id.org/arco/resource/ArchaeologicalProperty/08iccd_modi_7242648247731,piattello - ambito etrusco-padano (V a.C. fine-IV a.C),V a.C. fine - IV a.C
label_etrusc,https://w3id.org/arco/resource/ArchaeologicalProperty/08iccd_modi_7242648247731,piattello - ambito etrusco-padano (V a.C. fine-IV a.C),V a.C. fine-IV a.C
label_etrusc,https://w3id.org/arco/resource/ArchaeologicalProperty/08iccd_modi_7367648347731,ciotola - ambito etrusco-padano (V a.C. fine-IV a.C),V a.C. fine - IV a.C
label_etrusc,https://w3id.org/arco/resource/ArchaeologicalProperty/08iccd_modi_7367648347731,ciotola - ambito etrusco-padano (V a.C. fine-IV a.C),V a.C. fine-IV a.C
label_etrusc,https://w3id.org/arco/resource/ArchaeologicalProperty/08iccd_modi_7533230447731,ciotola - ambito etrusco-padano (V a.C. fine-IV a.C),V a.C. fine - IV a.C
label_etrusc,https://w3id.org/arco/resource/ArchaeologicalProperty/08iccd_modi_7533230447731,ciotola - ambito etrusco-padano (V a.C. fine-IV a.C),V a.C. fine-IV a.C
label_etrusc,https://w3id.org/arco/resource/ArchaeologicalProperty/08iccd_modi_7550357996731,situla o cista - ambito etrusco-padano (V a.C.-IV a.C),V a.C - IV a.C
label_etrusc,https://w3id.org/arco/resource/ArchaeologicalProperty/08iccd_modi_7550357996731,situla o cista - ambito etrusco-padano (V a.C.-IV a.C),V a.C.-IV a.C
label_etrusc,https://w3id.org/arco/resource/ArchaeologicalProperty/08iccd_modi_7550357996731,situla o cista - ambito etrusco-padano (V a.C.-IV a.C),V a.C./ IV a.C
label_etrusc,https://w3id.org/arco/resource/ArchaeologicalProperty/08iccd_modi_7869702447731,ciotola - ambito etrusco-padano (V a.C. fine-IV a.C),V a.C. fine - IV a.C
label_etrusc,https://w3id.org/arco/resource/ArchaeologicalProperty/08iccd_modi_7869702447731,ciotola - ambito etrusco-padano (V a.C. fine-IV a.C),V a.C. fine-IV a.C
label_etrusc,https://w3id.org/arco/resource/ArchaeologicalProperty/08iccd_modi_8001398427731,mortaio - ambito etrusco-padano (V a.C. fine-IV a.C),V a.C. fine - IV a.C
label_etrusc,https://w3id.org/arco/resource/ArchaeologicalProperty/08iccd_modi_8001398427731,mortaio - ambito etrusco-padano (V a.C. fine-IV a.C),V a.C. fine-IV a.C
label_etrusc,https://w3id.org/arco/resource/ArchaeologicalProperty/08iccd_modi_8129949347731,ciotola - ambito etrusco-padano (IV a.C.-III a.C. inizio),IV a.C.-III a.C. inizio
label_etrusc,https://w3id.org/arco/resource/ArchaeologicalProperty/08iccd_modi_9879708967731,ciotola - ambito etrusco-padano (IV a.C. metà-III a.C. inizio),IV a.C. metà-III a.C. inizio
